Run,Assay Type,AvgSpotLen,Bases,BioProject,BioSample,BioSampleModel,Bytes,Center Name,Collection_Date,Consent,DATASTORE filetype,DATASTORE provider,DATASTORE region,Experiment,geo_loc_name_country,geo_loc_name_country_continent,geo_loc_name,HOST,Instrument,lat_lon,Library Name,LibraryLayout,LibrarySelection,LibrarySource,Organism,Platform,ReleaseDate,create_date,version,Sample Name,SRA Study,AGE,BarcodeSequence,captive,capture_location,diet_abalone_unidentified,diet_algae_with_invertebrate_fauna,diet_barnacle_various_sp,diet_bat_star,diet_bivalve_unidentified,diet_black_abalone,diet_black_turbin_snail,diet_brittle_star,diet_brown_turbin_snail,diet_california_stichopus,diet_calliostoma_sp,diet_cancer_crab_unidentified,diet_cancer_magister2,diet_cancer_magister,diet_chiton_various_sp,diet_clam_unidentified,diet_cockle_unidentified,diet_colonial_tunicates,diet_crab_unidentified,diet_crustacean_unidentified,diet_cryptochiton_stelleri,diet_cucumaria_sp,diet_decorator_crab,diet_echiuris_sp,diet_empty_shell,diet_fisg_egg_mass,diet_fish_various_spp,diet_gaper_clam,diet_geoduck_clam,diet_giant_rock_scallop,diet_gooseneck_barnacle,diet_green_crab,diet_henricia_sp,diet_hermit_crab,diet_isopod,diet_jackknife_clam,diet_limpet_unidentified,diet_littleneck_clam,diet_loxorhynchus_grandis,diet_macoma_sp,diet_megastrea_sp,diet_modiolus_modiolus,diet_mollusc_unidentified,diet_moon_snail,diet_mussel_unidentified,diet_mya_sp,diet_nassa_fossatus,diet_nereis_sp_pile_worm,diet_nudibranch,diet_nuttalls_cockle,diet_octopus_unidentified,diet_orange_puffball_sponge,diet_pacific_rock_crab,diet_pacific_sand_crab,diet_parastichopus_californicus,diet_penaeid_shrimp,diet_pisaster_sp,diet_pismo_clam,diet_pododesmus_macrochisma,diet_polychaete_worm,diet_pomaulax_gibberosus,diet_pugettia_sp,diet_pycnopodia_helianthoides,diet_razor_clam,diet_red_abalone,diet_red_rock_crab,diet_red_urchin,diet_rock_crab_unidentified,diet_rock_or_stone,diet_rough_piddock_clam,diet_sand_crab,diet_sand_dollar,diet_saxidomus_nuttalli,diet_scallop_various_sp,diet_sea_star_unidentified,diet_shore_crab,diet_shrimp_unidentified,diet_sipunculus_nudus,diet_snail_unidentified,diet_solaster_sp,diet_spiny_lobster,diet_spiny_mole_crab,diet_sponge,diet_squid_unidentified,diet_stenoplax_chiton,diet_strongylocentrotus_purpatus,diet_styela_sp,diet_sunset_clam,diet_surf_clam,diet_tegula_sp,diet_tellina_sp,diet_tonicella_sp,diet_tube_worm_colonial,diet_tube_worm_solitary,diet_upogebia_sp,diet_urchin_unidentified,diet_worm_unidentified,diet_wormLike_prey,env_broad_scale,env_local_scale,env_medium,extracted_by,extraction_date,Facility,ForwardPrimer,gps_number,host_subject_id,host_taxid,LinkerPrimerSequence,part_of_diet_shift_study,PCRPlatePosition
SRR14719072,WGS,237,2576247918,PRJNA726636,SAMN19311031,"MIMARKS.survey,MIGS/MIMS/MIMARKS.host-associated",1631311607,STANFORD UNIVERSITY,2009-11-04,public,"fastq,run.zq,sra","gs,ncbi,s3","gs.us-east1,ncbi.public,s3.us-east-1",SRX11056111,USA,North America,USA: California,southern_sea_otter,Illumina HiSeq 2500,36.06764 N 121.38086 W,1143_shotgun_lane2,PAIRED,RANDOM,METAGENOMIC,feces metagenome,ILLUMINA,2021-06-03T00:00:00Z,2021-06-03T19:36:00Z,1,so.1143.90482.fecal.lane1,SRP321126,adult,CGCACCCATACA,no,John Little's house,0,0.000970898,0,0.000151477,0.001075454,0,0,0,0,0,0,0.003011824,0,0,0,0.002101199,7.80E-05,0.000378394,0.000470404,0,0,0,0,0.000336864,0,0,0,0,0,0,0,0,0,0,0,0,0,0,0,0,0,0,0.001548977,0,0.049802473,0,0,0,0,0,0,0,0,0.000578299,0,0.002681724,0.000323362,0,0,0,0,0.004665973,0,0,0.00014712,0,0,0,0,0,0,0.000688073,0,0,0,0,0,0,4.02627427,0.028507383,0,0,0,0,0,0.007034858,0.002229713,0,0,0,0,0,0,0,0,0,0.003783656,0.000242113,Marine environment,Marine mammal,fecal sample,NKD,2016-11-19,wild,GTGYCAGCMGCCGCGGTAA,90482,1143,1049777,AATGATACGGCGACCACCGAGATCTACACGCT,no,Plate 1_H10
SRR14719074,WGS,262,3296981145,PRJNA726636,SAMN19311026,"MIMARKS.survey,MIGS/MIMS/MIMARKS.host-associated",2144318160,STANFORD UNIVERSITY,2008-11-11,public,"fastq,run.zq,sra","gs,ncbi,s3","gs.us-east1,ncbi.public,s3.us-east-1",SRX11056108,USA,North America,USA: California,southern_sea_otter,Illumina HiSeq 2500,36.11718 N 121.43431 W,1098_shotgun_lane2,PAIRED,RANDOM,METAGENOMIC,feces metagenome,ILLUMINA,2021-06-03T00:00:00Z,2021-06-03T19:32:00Z,1,so.1098.71934.fecal.lane1,SRP321126,sub_adult,CGTTTGGAATGA,no,Grimes Point,0,0.001879374,0,0,0,0,0,0,0,0,0,0,0,0,0,0.048228245,0.000612662,0.039857554,0,0,0,0,0,3.192329029,0,0,0,0,0,1.90E-06,0,0,0,0,0,0,0,0,0,0,0,0,0,0,0.421983375,0,0,0,0,0,0,0,0,0,0,0.008967808,3.66E-05,0,0,0,0,2.85308651,0,0,1.26E-05,0,0,0,0,0,0,0.022280678,0,0,0,0,0,0,0.074550764,0,0,0,0,0,0,6.017282777,0.095169952,0,0,0,0,0,0,0,0,0,0.128289714,0.006311804,Marine environment,Marine mammal,fecal sample,NKD,2016-11-19,wild,GTGYCAGCMGCCGCGGTAA,71934,1098,1049777,AATGATACGGCGACCACCGAGATCTACACGCT,no,Plate 1_C5
SRR14719080,WGS,355,3539176265,PRJNA726636,SAMN19311029,"MIMARKS.survey,MIGS/MIMS/MIMARKS.host-associated",2146669090,STANFORD UNIVERSITY,2009-06-16,public,"fastq,run.zq,sra","gs,ncbi,s3","gs.us-east1,ncbi.public,s3.us-east-1",SRX11056103,USA,North America,USA: California,southern_sea_otter,Illumina HiSeq 2500,36.619 N 121.9016 W,1125_shotgun_lane2,PAIRED,RANDOM,METAGENOMIC,feces metagenome,ILLUMINA,2021-06-03T00:00:00Z,2021-06-03T19:36:00Z,1,so.1125.73284.fecal.lane1,SRP321126,adult,AATTTAGGTAGG,no,MBA Intakes,0,0,0,0,0.051385297,0,0,0,0,0,0,1.712795986,0.632871099,0,0.057716436,18.57469851,0,0,0.355313556,0,0,0,0,0.279092391,0,0,0,5.915156673,0,0,0,0,0,0,0,0.308087033,0,0,0,0,0,0,0,0.032868056,0.116690993,0,0,0,0,0,0.119065087,0,0,0,0,0,0,0,0,0,0,0,0,0.223742138,0,0,0,0,0,0,0,1.641263207,0,0,0,0,0,0,0.055914571,0,0,0,0,0,0,0.161434905,0,0,0,0,0,0,0,0,0,0,0,0,Marine environment,Marine mammal,fecal sample,NKD,2016-11-19,wild,GTGYCAGCMGCCGCGGTAA,73284,1125,1049777,AATGATACGGCGACCACCGAGATCTACACGCT,no,Plate 1_A8
SRR14722429,WGS,183,1697068583,PRJNA726636,SAMN19311025,"MIMARKS.survey,MIGS/MIMS/MIMARKS.host-associated",1090134323,STANFORD UNIVERSITY,2008-11-07,public,"fastq,run.zq,sra","gs,ncbi,s3","gs.us-east1,ncbi.public,s3.us-east-1",SRX11059447,USA,North America,USA: California,southern_sea_otter,Illumina HiSeq 2500,36.04149 N 121.58651 W,1079_shotgun_lane1,PAIRED,RANDOM,METAGENOMIC,feces metagenome,ILLUMINA,2021-06-03T00:00:00Z,2021-06-03T21:28:00Z,1,so.1079.70984.fecal.lane1,SRP321126,immature,GTTTGAAACACG,no,Vicente Creek,0,0.032004386,0,0,0,0,0,0.007932708,0,0,0,2.422173077,0,0,0,0.127576033,0,0,0.630384466,0,0,0,0,0,0,0,0,0,0,0,0,0,0,0,0,0,0,0,0,0,0,0,0,0,1.383449255,0,0,0,0,0,0,0,0,0,0,0,0.055469401,0,0,0,0,1.150094654,0,0,0,0,0,0,0,0,0,0,0,0,0,0,0,0,0.039642133,0,0,0,0,0,0,4.214291616,0,0,0,0,0,0,0,0,0,0,0.755536815,0.007268742,Marine environment,Marine mammal,fecal sample,NKD,2016-11-19,wild,GTGYCAGCMGCCGCGGTAA,70984,1079,1049777,AATGATACGGCGACCACCGAGATCTACACGCT,no,Plate 2_G11
SRR14722431,WGS,243,3432368286,PRJNA726636,SAMN19311031,"MIMARKS.survey,MIGS/MIMS/MIMARKS.host-associated",2234643454,STANFORD UNIVERSITY,2009-11-04,public,"fastq,run.zq,sra","gs,ncbi,s3","gs.us-east1,ncbi.public,s3.us-east-1",SRX11059446,USA,North America,USA: California,southern_sea_otter,Illumina HiSeq 2500,36.06764 N 121.38086 W,1143_shotgun_lane1,PAIRED,RANDOM,METAGENOMIC,feces metagenome,ILLUMINA,2021-06-03T00:00:00Z,2021-06-03T21:43:00Z,1,so.1143.90482.fecal.lane1,SRP321126,adult,CGCACCCATACA,no,John Little's house,0,0.000970898,0,0.000151477,0.001075454,0,0,0,0,0,0,0.003011824,0,0,0,0.002101199,7.80E-05,0.000378394,0.000470404,0,0,0,0,0.000336864,0,0,0,0,0,0,0,0,0,0,0,0,0,0,0,0,0,0,0.001548977,0,0.049802473,0,0,0,0,0,0,0,0,0.000578299,0,0.002681724,0.000323362,0,0,0,0,0.004665973,0,0,0.00014712,0,0,0,0,0,0,0.000688073,0,0,0,0,0,0,4.02627427,0.028507383,0,0,0,0,0,0.007034858,0.002229713,0,0,0,0,0,0,0,0,0,0.003783656,0.000242113,Marine environment,Marine mammal,fecal sample,NKD,2016-11-19,wild,GTGYCAGCMGCCGCGGTAA,90482,1143,1049777,AATGATACGGCGACCACCGAGATCTACACGCT,no,Plate 1_H10
SRR14722433,WGS,257,2557031391,PRJNA726636,SAMN19311026,"MIMARKS.survey,MIGS/MIMS/MIMARKS.host-associated",1703939412,STANFORD UNIVERSITY,2008-11-11,public,"fastq,run.zq,sra","gs,ncbi,s3","gs.us-east1,ncbi.public,s3.us-east-1",SRX11059443,USA,North America,USA: California,southern_sea_otter,Illumina HiSeq 2500,36.11718 N 121.43431 W,1098_shotgun_lane1,PAIRED,RANDOM,METAGENOMIC,feces metagenome,ILLUMINA,2021-06-03T00:00:00Z,2021-06-03T21:32:00Z,1,so.1098.71934.fecal.lane1,SRP321126,sub_adult,CGTTTGGAATGA,no,Grimes Point,0,0.001879374,0,0,0,0,0,0,0,0,0,0,0,0,0,0.048228245,0.000612662,0.039857554,0,0,0,0,0,3.192329029,0,0,0,0,0,1.90E-06,0,0,0,0,0,0,0,0,0,0,0,0,0,0,0.421983375,0,0,0,0,0,0,0,0,0,0,0.008967808,3.66E-05,0,0,0,0,2.85308651,0,0,1.26E-05,0,0,0,0,0,0,0.022280678,0,0,0,0,0,0,0.074550764,0,0,0,0,0,0,6.017282777,0.095169952,0,0,0,0,0,0,0,0,0,0.128289714,0.006311804,Marine environment,Marine mammal,fecal sample,NKD,2016-11-19,wild,GTGYCAGCMGCCGCGGTAA,71934,1098,1049777,AATGATACGGCGACCACCGAGATCTACACGCT,no,Plate 1_C5
SRR14722436,WGS,353,2753343513,PRJNA726636,SAMN19311028,"MIMARKS.survey,MIGS/MIMS/MIMARKS.host-associated",1945081551,STANFORD UNIVERSITY,2011-09-02,public,"fastq,run.zq,sra","gs,ncbi,s3","gs.us-east1,ncbi.public,s3.us-east-1",SRX11059442,USA,North America,USA: California,southern_sea_otter,Illumina HiSeq 2500,36.6353 N 121.92204 W,1123_shotgun_lane1,PAIRED,RANDOM,METAGENOMIC,feces metagenome,ILLUMINA,2021-06-03T00:00:00Z,2021-06-03T21:30:00Z,1,so.1123.107485.fecal.lane1,SRP321126,adult,TATCCAAGCGCA,no,Lucas Point,0.195847191,0,0,0,0,0,0,0.002192012,0,0,0,14.04088451,0,0,0.292283582,0,0,0,0.728632362,0,0,0,0,0.000207275,0,0.006970977,0,0,0,0,0,0,0,0,0,0,0,0,0,0,0,0,0,0,0.019599247,0,0,0,0,0,0.116836302,0,1.709895493,0,0,0,0,0,0,0,0,3.08804957,0,0,0.165164009,0.139702726,0,0.298818083,0.000873805,0,0,0.053774027,0,0,0,0,0.033798824,0,0,0,0,0,0,0,0,1.392466892,0,0,0,0,0,0,0,0,0,0.149607862,0,0,Marine environment,Marine mammal,fecal sample,NKD,2016-11-19,wild,GTGYCAGCMGCCGCGGTAA,107485,1123,1049777,AATGATACGGCGACCACCGAGATCTACACGCT,no,Plate 1_F11
SRR14722437,WGS,325,2786491061,PRJNA726636,SAMN19311030,"MIMARKS.survey,MIGS/MIMS/MIMARKS.host-associated",1933865698,STANFORD UNIVERSITY,2009-11-04,public,"fastq,run.zq,sra","gs,ncbi,s3","gs.us-east1,ncbi.public,s3.us-east-1",SRX11059444,USA,North America,USA: California,southern_sea_otter,Illumina HiSeq 2500,36.06764 N 121.38086 W,1142_shotgun_lane1,PAIRED,RANDOM,METAGENOMIC,feces metagenome,ILLUMINA,2021-06-03T00:00:00Z,2021-06-03T21:34:00Z,1,so.1142.90439.fecal.lane1,SRP321126,adult,CTAGCGTGCGTT,no,John Little's house,0,5.58E-05,0,0,0.235091081,0,0,0,0,0,0,6.099084423,0.3414208,0,0,0,0,0,0.453665997,0,0,0,0,0.002508171,0,0,0,0,0,0,0.027262288,0,0,0,0,0,0,0,0,0,0,0,0.196000727,0,2.618088285,0,0,0,0,0,0,0,0,0,0,0,0,0,0,0,0,0.351289566,0,0,0,0,0,0.486528005,0,0,0,0,0,0,0,0,0,0,2.22E-05,0.026451616,0,0,0,0,0,0.240449398,0,0,0,0,0,0,0,0,0,0,0.005454496,0.011037454,Marine environment,Marine mammal,fecal sample,NKD,2016-11-19,wild,GTGYCAGCMGCCGCGGTAA,90439,1142,1049777,AATGATACGGCGACCACCGAGATCTACACGCT,no,Plate 2_G9
SRR14722438,WGS,336,3146524932,PRJNA726636,SAMN19311024,"MIMARKS.survey,MIGS/MIMS/MIMARKS.host-associated",2222106152,STANFORD UNIVERSITY,2008-11-05,public,"fastq,run.zq,sra","gs,ncbi,s3","gs.us-east1,ncbi.public,s3.us-east-1",SRX11059439,USA,North America,USA: California,southern_sea_otter,Illumina HiSeq 2500,36.011 N 121.56 W,1070_shotgun_lane1,PAIRED,RANDOM,METAGENOMIC,feces metagenome,ILLUMINA,2021-06-03T00:00:00Z,2021-06-03T21:31:00Z,1,so.1070.70534.fecal.lane1,SRP321126,adult,CGCCGTACTTGC,no,Lopez Point,0,0.001132673,0,0.126491718,0,0,0,0,0,0,0,0,0,0,0,0.005573322,0.001879346,0.004602413,0.313898886,0,0,0,0,0.00046929,0,0,0,0,0,0,0,0,0,0,0,0,0,0,0,0,0,0,0,0,0.155617584,0,0,0,0,0,0,0,0,0,0,0.004771647,0,0,0,0,0,1.112000829,0,0,9.819340389,0,0,0,0,0,0,0.004508306,0,0,0.022578365,0,0,0,0.047530915,0,0,0,0,0,0,0.022568791,0.009960168,0,0,0,0,0,0,0,0,0,0.014648428,0.000968375,Marine environment,Marine mammal,fecal sample,NKD,2016-11-19,wild,GTGYCAGCMGCCGCGGTAA,70534,1070,1049777,AATGATACGGCGACCACCGAGATCTACACGCT,no,Plate 2_H2
SRR14789347,WGS,181,2719434838,PRJNA726636,SAMN19311034,"MIMARKS.survey,MIGS/MIMS/MIMARKS.host-associated",1356741701,STANFORD UNIVERSITY,2013-03-18,public,"fastq,run.zq,sra","gs,ncbi,s3","gs.us-east1,ncbi.public,s3.us-east-1",SRX11122565,USA,North America,USA: California,southern_sea_otter,Illumina HiSeq 2500,missing,1286_shotgun_lane3,PAIRED,RANDOM,METAGENOMIC,feces metagenome,ILLUMINA,2021-06-11T00:00:00Z,2021-06-11T15:27:00Z,1,so.1286.124050.fecal.lane1,SRP321126,adult,CACACAAAGTCA,no,San Augustine,NA,NA,NA,NA,NA,NA,NA,NA,NA,NA,NA,NA,NA,NA,NA,NA,NA,NA,NA,NA,NA,NA,NA,NA,NA,NA,NA,NA,NA,NA,NA,NA,NA,NA,NA,NA,NA,NA,NA,NA,NA,NA,NA,NA,NA,NA,NA,NA,NA,NA,NA,NA,NA,NA,NA,NA,NA,NA,NA,NA,NA,NA,NA,NA,NA,NA,NA,NA,NA,NA,NA,NA,NA,NA,NA,NA,NA,NA,NA,NA,NA,NA,NA,NA,NA,NA,NA,NA,NA,NA,NA,NA,NA,NA,NA,NA,NA,NA,Marine environment,Marine mammal,fecal sample,NKD,2016-11-19,wild,GTGYCAGCMGCCGCGGTAA,124050,1286,1049777,AATGATACGGCGACCACCGAGATCTACACGCT,no,Plate 2_E10
